customer_id,customer_name
RH-19495,Rick Hansen
JR-16210,Justin Ritter
CR-12730,Craig Reiter
KM-16375,Katherine Murray
RH-9495,Rick Hansen
JM-15655,Jim Mitchum
TS-21340,Toby Swindell
MB-18085,Mick Brown
JW-15220,Jane Waco
JH-15985,Joseph Holt
GM-14695,Greg Maxwell
AJ-10780,Anthony Jacobs
MM-7260,Magdelene Morse
VF-21715,Vicky Freymann
PF-19120,Peter Fuller
BP-11185,Ben Peterman
TB-21175,Thomas Boland
PJ-18835,Patrick Jones
JS-15685,Jim Sink
RH-9555,Ritsa Hightower
AB-600,Ann Blume
SA-20830,Sue Ann Reed
JK-15325,Jason Klamczynski
LB-16795,Laurel Beltran
NP-18325,Naresj Patel
VD-21670,Valerie Dominguez
PB-19210,Phillip Breyer
EB-14110,Eugene Barchas
KF-16285,Karen Ferguson
BP-11230,Benjamin Patterson
RR-19525,Rick Reed
BS-11365,Bill Shonely
JE-15745,Joel Eaton
DP-13105,Dave Poirier
NP-18700,Nora Preis
AH-30,Aaron Hawkins
DM-13015,Darrin Martin
GT-14635,Grant Thornton
PO-18865,Patrick O'Donnell
DL-12865,Dan Lawera
JB-16000,Joy Bell-
BF-11005,Barry Franz
VG-21805,Vivek Grady
GT-14710,Greg Tran
ZC-21910,Zuschuss Carroll
SC-20095,Sanjit Chand
EB-13840,Ellis Ballard
AP-10915,Arthur Prichep
SW-20275,Scott Williamson
JH-15820,John Huston
LC-16885,Lena Creighton
TG-11640,Trudy Glocke
HR-14830,Harold Ryan
DG-3300,Deirdre Greer
SG-20470,Sheri Gordon
FH-14365,Fred Hopkins
GP-14740,Guy Phonely
MW-18220,Mitch Webber
PO-18850,Patrick O'Brill
CS-12460,Chuck Sachs
KD-16495,Keith Dawkins
MS-17980,Michael Stewart
KC-16675,Kimberly Carter
DB-13405,Denny Blanton
JD-15895,Jonathan Doherty
DK-13090,Dave Kipp
CS-11845,Cari Sayre
EM-14200,Evan Minnotte
DW-3480,Dianna Wilson
AS-10225,Alan Schoenberger
ST-20530,Shui Tom
BW-1065,Barry Weirich
LA-16780,Laura Armstrong
AB-10150,Aimee Bixby
CM-12385,Christopher Martinez
BE-11410,Bobby Elias
SZ-20035,Sam Zeldin
RM-19375,Raymond Messe
HG-14845,Harry Greene
DP-3105,Dave Poirier
AR-10540,Andy Reiter
TP-21415,Tom Prescott
AM-10705,Anne McFarland
AB-255,Alejandro Ballentine
RP-19270,Rachel Payne
BK-11260,Berenike Kampe
JM-15250,Janet Martin
LW-16990,Lindsay Williams
NZ-18565,Nick Zandusky
SV-10815,Stuart Van
SC-20695,Steve Chapman
NC-18625,Noah Childs
NF-18385,Natalie Fritzler
PM-18940,Paul MacIntyre
MZ-17335,Maria Zettner
HM-4980,Henry MacAllister
RW-19540,Rick Wilson
LH-17155,Logan Haushalter
KM-16660,Khloe Miller
AB-10060,Adam Bellavance
DB-13060,Dave Brooks
VM-21685,Valerie Mitchum
DM-13525,Don Miller
NM-18520,Neoma Murray
RO-19780,Rose O'Brian
SB-20185,Sarah Brown
EM-14065,Erin Mull
RS-19765,Roland Schwarz
ON-18715,Odella Nelson
VS-21820,Vivek Sundaresam
CM-12115,Chad McGuire
TB-21400,Tom Boeckenhauer
AB-10105,Adrian Barton
DW-13540,Don Weiss
PS-19045,Penelope Sewall
CC-12370,Christopher Conant
TC-21295,Toby Carlisle
GM-14440,Gary McGarr
SV-20815,Stuart Van
MM-17920,Michael Moore
JK-16120,Julie Kriz
DJ-13510,Don Jones
AT-10435,Alyssa Tate
AB-10015,Aaron Bergman
RP-19390,Resi Pölking
MJ-17740,Max Jones
PV-18985,Paul Van Hugh
SB-20290,Sean Braxton
SM-10005,Sally Matthias
KH-16330,Katharine Harms
MP-18175,Mike Pelletier
LH-17020,Lisa Hazard
ND-18370,Natalie DeCherney
CR-12625,Corey Roper
GM-14680,Greg Matthias
RA-19945,Ryan Akin
BW-11110,Bart Watters
RF-19735,Roland Fjeld
AG-10675,Anna Gayman
DM-12955,Dario Medina
KD-16270,Karen Daniels
BE-11335,Bill Eplett
SO-20335,Sean O'Donnell
DK-12835,Damala Kotsonis
LC-7050,Liz Carlisle
CG-12520,Claire Gute
TB-21280,Toby Braunhardt
HG-15025,Hunter Glantz
AD-10180,Alan Dominguez
BP-11155,Becky Pak
AA-10480,Andrew Allen
RL-19615,Rob Lucas
CS-12505,Cindy Stewart
SW-20245,Scot Wooten
TA-21385,Tom Ashbrook
YC-21895,Yoseph Carroll
JM-15580,Jill Matthias
MZ-7335,Maria Zettner
JF-15295,Jason Fortune-
JL-15835,John Lee
DJ-3510,Don Jones
MF-18250,Monica Federle
JE-15610,Jim Epp
CP-12340,Christine Phan
EH-14125,Eugene Hildebrand
NC-18340,Nat Carroll
JS-16030,Joy Smith
AM-10360,Alice McCarthy
JF-15190,Jamie Frazer
JG-15160,James Galang
DP-13390,Dennis Pardue
AG-10330,Alex Grayson
GK-14620,Grace Kelly
NF-18475,Neil Französisch
DR-12940,Daniel Raglin
NB-18655,Nona Balk
NM-18445,Nathan Mautz
NP-18670,Nora Paige
SC-20380,Shahid Collister
PA-9060,Pete Armstrong
RB-19570,Rob Beeghly
SR-20740,Steven Roelle
RH-19510,Rick Huthwaite
LH-16750,Larry Hughes
KB-16585,Ken Black
EM-13810,Eleni McCrary
MZ-7515,Mary Zewe
DM-13345,Denise Monton
CA-11965,Carol Adams
SC-20305,Sean Christensen
MH-18115,Mick Hernandez
KS-16300,Karen Seio
BG-11740,Bruce Geld
CR-2625,Corey Roper
CB-12415,Christy Brittain
AP-10720,Anne Pryor
CR-12820,Cyra Reiten
BF-11080,Bart Folk
JM-15265,Janet Molinari
TW-21025,Tamara Willingham
RB-19330,Randy Bradley
JA-15970,Joseph Airdo
AB-60,Adam Bellavance
JR-5670,Jim Radford
MD-17350,Maribeth Dona
PK-19075,Pete Kriz
TP-21130,Theone Pippenger
JK-15640,Jim Kriz
CD-11920,Carlos Daly
JL-5835,John Lee
EP-13915,Emily Phan
MS-17770,Maxwell Schwartz
CM-12655,Corinna Mitchell
JC-6105,Julie Creighton
GB-14530,George Bell
JH-16180,Justin Hirsh
MT-8070,Michelle Tran
CV-2805,Cynthia Voltz
NH-18610,Nicole Hansen
HJ-14875,Heather Jas
JL-15175,James Lanier
MY-18295,Muhammed Yedwab
MW-18235,Mitch Willingham
KC-16540,Kelly Collister
HA-14920,Helen Andreada
MT-17815,Meg Tillman
FW-14395,Fred Wasserman
BH-11710,Brosina Hoffman
DK-12895,Dana Kaydos
SC-20845,Sung Chung
CY-12745,Craig Yedwab
HL-15040,Hunter Lopez
CT-11995,Carol Triggs
GR-4560,Georgia Rosenberg
TT-21070,Ted Trevino
PO-19195,Phillina Ober
ED-13885,Emily Ducich
TM-21490,Tony Molinari
AW-10840,Anthony Witt
AT-10735,Annie Thurman
SG-10605,Speros Goranitis
BM-11785,Bryan Mills
DK-13375,Dennis Kane
PF-19225,Phillip Flathmann
TG-21310,Toby Gnade
SF-10200,Sarah Foster
JW-5220,Jane Waco
CC-12100,Chad Cunningham
RD-19930,Russell D'Ascenzo
BP-1230,Benjamin Patterson
CS-12175,Charles Sheldon
JD-16060,Julia Dunbar
GH-14665,Greg Hansen
CM-11935,Carlos Meador
RB-9465,Rick Bensley
RB-19795,Ross Baird
DL-13495,Dionis Lloyd
TS-21205,Thomas Seio
MV-8190,Mike Vittorini
BD-11560,Brendan Dodson
PS-18760,Pamela Stobb
FM-14215,Filia McAdams
CA-12775,Cynthia Arntzen
CD-12790,Cynthia Delaney
NL-18310,Nancy Lomonaco
TB-21055,Ted Butterfield
EH-4125,Eugene Hildebrand
KB-16600,Ken Brennan
KW-16435,Katrina Willman
MG-17695,Maureen Gnade
HM-14860,Harry Marie
BP-11290,Beth Paige
HZ-4950,Henia Zydlo
TC-20980,Tamara Chand
EM-13825,Elizabeth Moffitt
BS-11800,Bryan Spruell
DV-13465,Dianna Vittorini
MB-17305,Maria Bertelson
PC-19000,Pauline Chand
CA-12310,Christine Abelman
KC-16255,Karen Carlisle
DB-3660,Duane Benoit
SC-20260,Scott Cohen
BD-11500,Bradley Drucker
BM-11140,Becky Martin
KB-16315,Karl Braun
JM-15865,John Murray
AF-10885,Art Foster
SJ-20500,Shirley Jackson
WB-21850,William Brown
CC-12610,Corey Catlett
BE-11455,Brad Eason
TG-21640,Trudy Glocke
MS-17365,Maribeth Schnelling
NP-18685,Nora Pelletier
RM-19675,Robert Marley
SN-20560,Skye Norling
CD-12280,Christina DeMoss
BG-11035,Barry Gonzalez
CC-12550,Clay Cheatham
SV-20785,Stewart Visinsky
HW-14935,Helen Wasserman
AS-10285,Alejandro Savely
LD-16855,Lela Donovan
NS-18505,Neola Schneider
CM-12715,Craig Molinari
JD-6060,Julia Dunbar
MG-17680,Maureen Gastineau
DB-13210,Dean Braden
CS-11860,Cari Schnelling
GG-14650,Greg Guthrie
BN-11470,Brad Norvell
BS-1665,Brian Stugart
AC-10450,Amy Cox
CK-12205,Chloris Kastensmidt
JD-16150,Justin Deggeller
CC-2550,Clay Cheatham
MS-17830,Melanie Seite
SM-20950,Suzanne McNair
CL-12700,Craig Leslie
CM-12160,Charles McCrossin
JC-15775,John Castell
LH-16900,Lena Hernandez
DV-13045,Darrin Van Huff
BT-11530,Bradley Talbott
BM-1650,Brian Moss
MG-18205,Mitch Gastineau
RB-19705,Roger Barcio
FC-14245,Frank Carlisle
TT-21220,Thomas Thornton
SJ-20215,Sarah Jordon
PB-18805,Patrick Bzostek
RW-19690,Robert Waldorf
DB-3360,Dennis Bolton
DK-13150,David Kendrick
RW-9540,Rick Wilson
MP-17470,Mark Packer
TB-21625,Trudy Brown
MO-17800,Meg O'Connel
MR-17545,Mathew Reese
LC-17050,Liz Carlisle
RA-19885,Ruben Ausman
MG-8145,Mike Gockenbach
JE-16165,Justin Ellison
JK-16090,Juliana Krohn
EM-13960,Eric Murdock
DJ-13420,Denny Joy
BO-11425,Bobby Odegard
LW-17215,Luke Weiss
PJ-19015,Pauline Johnson
KM-16720,Kunst Miller
BG-11695,Brooke Gillingham
CS-12130,Chad Sievert
MC-17425,Mark Cousins
BD-1635,Brian Derr
RF-19345,Randy Ferguson
MG-7680,Maureen Gastineau
KH-16690,Kristen Hastings
CC-12475,Cindy Chapman
LT-16765,Larry Tron
BF-10975,Barbara Fisher
CJ-12010,Caroline Jumper
SH-9975,Sally Hughsby
SL-20155,Sara Luxemburg
NC-8340,Nat Carroll
JB-5400,Jennifer Braxton
TB-21250,Tim Brockman
PS-18970,Paul Stevenson
BB-11545,Brenda Bowman
SG-10470,Sheri Gordon
SP-20920,Susan Pistek
Dp-13240,Dean percer
GZ-14470,Gary Zandusky
AH-10075,Adam Hart
CB-2025,Cassandra Brandow
SC-20050,Sample Company A
SC-10230,Scot Coram
JS-15595,Jill Stevenson
BS-11380,Bill Stewart
JL-5130,Jack Lebron
AS-10090,Adam Shillingsburg
EL-13735,Ed Ludwig
FH-14275,Frank Hawley
OT-18730,Olvera Toch
SM-10320,Sean Miller
PM-19135,Peter McVee
TS-11430,Tom Stivers
LS-17245,Lynn Smith
SF-20200,Sarah Foster
CM-11815,Candace McMahon
FG-14260,Frank Gastineau
KN-6705,Kristina Nunn
TB-11520,Tracy Blumstein
JB-15400,Jennifer Braxton
KH-16510,Keith Herrera
DL-13330,Denise Leinenbach
KN-16390,Katherine Nockton
SV-20935,Susan Vittorini
MD-17860,Michael Dominguez
LS-17200,Luke Schmidt
CM-12445,Chuck Magee
SS-20140,Saphhira Shifley
GH-14425,Gary Hwang
SM-20320,Sean Miller
GR-14560,Georgia Rosenberg
TS-21370,Todd Sumrall
DH-3675,Duane Huffman
MM-8280,Muhammed MacIntyre
PM-9135,Peter McVee
GP-4740,Guy Phonely
AF-10870,Art Ferguson
TS-21505,Tony Sayre
BM-11575,Brendan Murry
AH-10030,Aaron Hawkins
AG-10495,Andrew Gjertsen
AG-675,Anna Gayman
SW-20755,Steven Ward
SK-19990,Sally Knutson
AG-10900,Arthur Gainer
AJ-960,Astrea Jones
MC-7275,Marc Crier
ER-13855,Elpida Rittenbach
EJ-13720,Ed Jacobs
DH-13675,Duane Huffman
HE-14800,Harold Engle
KT-16480,Kean Thornton
SB-20170,Sarah Bern
EM-14140,Eugene Moren
VT-21700,Valerie Takahito
JS-15880,John Stevenson
BC-11125,Becky Castell
NF-18595,Nicole Fjeld
RH-9600,Rob Haberlin
CS-11950,Carlos Soltero
CM-12235,Chris McAfee
LW-16825,Laurel Workman
RD-19585,Rob Dowd
BT-11680,Brian Thompson
MD-7860,Michael Dominguez
CC-12145,Charles Crestani
XP-21865,Xylona Preis
ML-17410,Maris LaWare
BS-11665,Brian Stugart
SC-20230,Scot Coram
QJ-19255,Quincy Jones
RE-19450,Richard Eichhorn
CP-2085,Cathy Prescott
JK-5730,Joe Kamberova
HZ-14950,Henia Zydlo
AR-10570,Anemone Ratner
EH-14005,Erica Hernandez
JR-15700,Jocasta Rupert
PL-18925,Paul Lucas
TC-21145,Theresa Coyne
DG-13300,Deirdre Greer
Dl-13600,Dorris liebe
NC-18415,Nathan Cano
EB-13930,Eric Barreto
CP-12085,Cathy Prescott
SM-20005,Sally Matthias
JR-15670,Jim Radford
DL-12925,Daniel Lacy
FM-14290,Frank Merwin
DP-13165,David Philippe
CK-12595,Clytie Kelty
CM-11830,Cari MacIntyre
PP-18955,Paul Prost
MM-17260,Magdelene Morse
ME-17320,Maria Etezadi
CS-12490,Cindy Schnelling
GH-14410,Gary Hansen
MC-17635,Matthew Clasen
LM-7065,Liz MacKendrick
AR-10510,Andrew Roberts
JH-15910,Jonathan Howell
DK-3375,Dennis Kane
EG-13900,Emily Grady
AS-10630,Ann Steele
CL-11890,Carl Ludwig
CA-12265,Christina Anderson
PF-19165,Philip Fox
DB-12970,Darren Budd
CL-12565,Clay Ludtke
MF-17665,Maureen Fritzler
IM-15055,Ionia McGrath
EB-13975,Erica Bern
AA-10315,Alex Avila
MV-17485,Mark Van Huff
JW-15955,Joni Wasserman
TS-21610,Troy Staebel
MC-17575,Matt Collins
JF-5415,Jennifer Ferguson
AH-10210,Alan Hwang
KD-16345,Katherine Ducich
PG-18895,Paul Gonzalez
HK-14890,Heather Kirkland
RR-19315,Ralph Ritter
HH-5010,Hilary Holden
SH-20635,Stefanie Holloman
AR-10825,Anthony Rawles
RP-9855,Roy Phan
LR-17035,Lisa Ryan
IM-5055,Ionia McGrath
CK-12325,Christine Kargatis
AS-285,Alejandro Savely
DK-12985,Darren Koutras
EH-4185,Evan Henry
ML-17395,Marina Lichtenstein
BF-11215,Benjamin Farhat
MB-7305,Maria Bertelson
CR-12580,Clay Rozendal
TB-21520,Tracy Blumstein
KN-16450,Kean Nguyen
HR-14770,Hallie Redmond
CK-12760,Cyma Kinney
RO-9780,Rose O'Brian
EN-13780,Edward Nazzal
AH-10465,Amy Hunt
AH-10585,Angele Hood
RB-9435,Richard Bierner
AG-525,Andy Gerbode
AR-10345,Alex Russell
MW-8220,Mitch Webber
AH-210,Alan Hwang
TH-21235,Tiffany House
LT-7110,Liz Thompson
HD-14785,Harold Dahlen
MC-7575,Matt Collins
MH-18025,Michelle Huthwaite
CC-2475,Cindy Chapman
CM-12190,Charlotte Melton
RA-19915,Russell Applegate
MT-18070,Michelle Tran
JF-15415,Jennifer Ferguson
ES-14020,Erica Smith
CC-12685,Craig Carroll
IM-15070,Irene Maddox
DA-13450,Dianna Arnett
SS-10410,Shahid Shariari
BM-11650,Brian Moss
SW-20350,Sean Wendt
CM-1830,Cari MacIntyre
MY-17380,Maribeth Yedwab
MS-7830,Melanie Seite
HG-14965,Henry Goldwyn
DC-13285,Debra Catini
DL-13315,Delfina Latchford
JK-15370,Jay Kimmel
CH-2070,Cathy Hwang
MH-7440,Mark Haberlin
MC-17845,Michael Chen
PW-19030,Pauline Webber
BS-11590,Brendan Sweed
DO-13435,Denny Ordway
SG-20890,Susan Gilcrest
SU-20665,Stephanie Ulpright
JC-16105,Julie Creighton
TB-21190,Thomas Brumley
SV-10785,Stewart Visinsky
VP-21760,Victoria Pisteka
LR-16915,Lena Radford
TH-21550,Tracy Hopkins
TC-11145,Theresa Coyne
JL-15235,Janet Lee
RK-19300,Ralph Kennedy
CC-12670,Craig Carreira
DB-13555,Dorothy Badders
SG-20605,Speros Goranitis
MG-17890,Michael Granlund
MA-17560,Matt Abelman
CB-12025,Cassandra Brandow
DH-13075,Dave Hallsten
BT-11395,Bill Tyler
TT-11265,Tim Taslimi
TH-11235,Tiffany House
VG-21790,Vivek Gonzalez
NW-18400,Natalie Webber
VP-21730,Victor Preis
SS-20410,Shahid Shariari
JE-15715,Joe Elijah
AG-270,Alejandro Grove
BW-11200,Ben Wallace
EK-13795,Eileen Kiefer
SG-20080,Sandra Glassco
SC-10725,Steven Cartwright
AG-10525,Andy Gerbode
MG-18145,Mike Gockenbach
BD-11605,Brian Dahlen
PB-19105,Peter Bühler
SC-20575,Sonia Cooley
DO-3435,Denny Ordway
CC-12220,Chris Cortes
TS-21430,Tom Stivers
AZ-10750,Annie Zypern
IG-15085,Ivan Gibson
SP-20860,Sung Pak
KM-16225,Kalyca Meade
KM-6720,Kunst Miller
MM-18055,Michelle Moray
RB-19360,Raymond Buch
NC-8415,Nathan Cano
SN-20710,Steve Nguyen
DL-3330,Denise Leinenbach
JG-15115,Jack Garza
CJ-11875,Carl Jackson
AY-10555,Andy Yotov
BV-11245,Benjamin Venier
PO-9195,Phillina Ober
GZ-4545,George Zrebassa
PN-18775,Parhena Norris
SC-20800,Stuart Calhoun
AC-10615,Ann Chong
VB-21745,Victoria Brennan
TT-11460,Tonja Turnell
AC-10420,Alyssa Crouse
CG-12040,Catherine Glotzbach
TR-11325,Toby Ritter
SC-20440,Shaun Chance
BT-11305,Beth Thompson
JB-15925,Joni Blumstein
GW-14605,Giulietta Weimer
SC-20725,Steven Cartwright
EH-13765,Edward Hooks
YS-21880,Yana Sorensen
FO-14305,Frank Olsen
RP-19855,Roy Phan
AB-10600,Ann Blume
KB-16240,Karen Bern
KA-16525,Kelly Andreada
EM-3960,Eric Murdock
JD-15790,John Dryer
JL-15850,John Lucas
JW-16075,Julia West
LL-6840,Lauren Leatherbury
TH-21100,Thea Hendricks
MC-17275,Marc Crier
NG-8430,Nathan Gelder
KD-16615,Ken Dana
MC-17605,Matt Connell
JK-15625,Jim Karlsson
TS-11505,Tony Sayre
LD-6855,Lela Donovan
LP-17080,Liz Pelletier
CV-12805,Cynthia Voltz
MO-17500,Mary O'Rourke
MS-17530,MaryBeth Skach
GA-14515,George Ashbrook
CS-12355,Christine Sundaresam
GM-14500,Gene McClure
CC-2670,Craig Carreira
MN-17935,Michael Nguyen
JM-16195,Justin MacKendrick
DB-13615,Doug Bickford
PK-18910,Paul Knutson
LS-16945,Linda Southworth
JK-15730,Joe Kamberova
SW-10275,Scott Williamson
MC-18100,Mick Crebagga
EH-13945,Eric Hoffmann
LC-16930,Linda Cazamias
MA-17995,Michelle Arnett
SP-20650,Stephanie Phelps
JH-15430,Jennifer Halladay
ML-17755,Max Ludwig
PC-18745,Pamela Coakley
KE-16420,Katrina Edelman
EM-4200,Evan Minnotte
DW-13480,Dianna Wilson
SC-10680,Steve Carroll
JG-15805,John Grady
LL-16840,Lauren Leatherbury
PV-8985,Paul Van Hugh
PO-19180,Philisse Overcash
SH-19975,Sally Hughsby
GA-14725,Guy Armstrong
GT-4755,Guy Thornton
PR-18880,Patrick Ryan
AG-10765,Anthony Garverick
SE-20110,Sanjit Engle
JB-16045,Julia Barnett
JM-5580,Jill Matthias
JO-15280,Jas O'Carroll
LP-17095,Liz Preis
EJ-14155,Eva Jacobs
VW-21775,Victoria Wilson
GM-14455,Gary Mitchum
BF-1080,Bart Folk
SM-20905,Susan MacKendrick
BO-1425,Bobby Odegard
AW-10930,Arthur Wiediger
JP-15460,Jennifer Patt
AS-10240,Alan Shonely
TB-11625,Trudy Brown
JP-5520,Jeremy Pistek
BD-11770,Bryan Davis
BD-11635,Brian Derr
CC-2370,Christopher Conant
PO-8850,Patrick O'Brill
TZ-21445,Tom Zandusky
RB-19435,Richard Bierner
JE-15475,Jeremy Ellison
AI-10855,Arianne Irving
MH-17440,Mark Haberlin
JE-6165,Justin Ellison
DS-13180,David Smith
AC-10660,Anna Chung
MH-17455,Mark Hamilton
CC-12430,Chuck Clark
NG-18355,Nat Gilpin
RC-19825,Roy Collins
JD-16015,Joy Daniels
JH-5910,Jonathan Howell
SC-10695,Steve Chapman
RD-9930,Russell D'Ascenzo
LC-6930,Linda Cazamias
DW-13195,David Wiener
RD-19900,Ruben Dartt
MV-18190,Mike Vittorini
RD-19480,Rick Duston
SV-20365,Seth Vernon
LS-17230,Lycoris Saunders
GD-14590,Giulietta Dortch
EB-13750,Edward Becker
KH-6360,Katherine Hughes
BF-11275,Beth Fritzler
NG-18430,Nathan Gelder
Co-12640,Corey-Lock
SF-20965,Sylvia Foulston
KB-16405,Katrina Bavinger
LC-16870,Lena Cacioppo
JL-15505,Jeremy Lonsdale
BD-11725,Bruce Degenhardt
TM-21010,Tamara Manning
AB-150,Aimee Bixby
BW-11065,Barry Weirich
FM-14380,Fred McMath
PC-8745,Pamela Coakley
BN-1470,Brad Norvell
AH-10120,Adrian Hane
LF-17185,Luke Foster
DJ-13630,Doug Jacobs
SJ-20125,Sanjit Jacobs
ML-18265,Muhammed Lee
SF-10965,Sylvia Foulston
PO-8865,Patrick O'Donnell
MH-17290,Marc Harrigan
NR-18550,Nick Radford
MK-17905,Michael Kennedy
DB-13660,Duane Benoit
PH-18790,Patricia Hirasaki
AB-10165,Alan Barnes
CA-12055,Cathy Armstrong
JF-5295,Jason Fortune-
KT-16465,Kean Takahito
RB-9705,Roger Barcio
BD-1725,Bruce Degenhardt
EB-13705,Ed Braxton
MG-17875,Michael Grace
MG-17650,Matthew Grinstein
AG-10270,Alejandro Grove
NP-8685,Nora Pelletier
AS-630,Ann Steele
SC-20680,Steve Carroll
MC-17590,Matt Collister
TP-11415,Tom Prescott
HH-15010,Hilary Holden
BT-11485,Brad Thomas
EB-13870,Emily Burns
JP-15520,Jeremy Pistek
CM-2115,Chad McGuire
EA-14035,Erin Ashbrook
FH-14350,Fred Harton
BS-1800,Bryan Spruell
AA-10375,Allen Armold
BN-11515,Bradley Nguyen
EG-3900,Emily Grady
RE-19405,Ricardo Emerson
ND-18460,Neil Ducich
TT-21460,Tonja Turnell
ML-18040,Michelle Lonsdale
JL-5505,Jeremy Lonsdale
SP-20545,Sibella Parks
SF-10065,Sandra Flanagan
AS-10045,Aaron Smayling
TT-11220,Thomas Thornton
AH-10195,Alan Haines
KH-6630,Ken Heidel
AA-10645,Anna Andreadi
JL-15130,Jack Lebron
KM-6375,Katherine Murray
LS-16975,Lindsay Shagiari
KL-16645,Ken Lonsdale
EH-14185,Evan Henry
KW-6570,Kelly Williams
DB-3060,Dave Brooks
FA-14230,Frank Atkinson
JF-15565,Jill Fjeld
LO-7170,Lori Olson
KB-6315,Karl Braun
BS-11755,Bruce Stewart
RB-19465,Rick Bensley
HF-14995,Herbert Flentye
MP-17965,Michael Paige
JJ-15445,Jennifer Jackson
LC-17140,Logan Currie
TT-11070,Ted Trevino
BF-11020,Barry Französisch
ES-14080,Erin Smith
FC-14335,Fred Chung
TS-21160,Theresa Swint
RE-9450,Richard Eichhorn
JC-15340,Jasper Cacioppo
MH-17785,Maya Herman
RF-19840,Roy Französisch
PG-18820,Patrick Gardner
DO-13645,Doug O'Connell
SC-10305,Sean Christensen
TN-21040,Tanja Norvell
DR-12880,Dan Reichenbach
EB-3975,Erica Bern
NS-8505,Neola Schneider
SF-20065,Sandra Flanagan
RA-19285,Ralph Arnett
LT-17110,Liz Thompson
BF-11170,Ben Ferrer
AR-825,Anthony Rawles
SD-20485,Shirley Daniels
GW-4605,Giulietta Weimer
DB-13120,David Bremer
JC-5775,John Castell
ND-8460,Neil Ducich
TC-11295,Toby Carlisle
DM-2955,Dario Medina
PJ-9015,Pauline Johnson
JH-5820,John Huston
ME-18010,Michelle Ellison
AH-10690,Anna Häberlin
RD-19660,Robert Dilbeck
CD-1980,Carol Darley
CL-2565,Clay Ludtke
MO-7800,Meg O'Connel
CR-2580,Clay Rozendal
TC-10980,Tamara Chand
RD-9900,Ruben Dartt
CS-12250,Chris Selesnick
CH-12070,Cathy Hwang
JF-15355,Jay Fein
AS-135,Adrian Shami
SP-20620,Stefania Perrino
EC-14050,Erin Creighton
IG-5085,Ivan Gibson
TB-21355,Todd Boyes
MH-17620,Matt Hagelstein
GT-14755,Guy Thornton
DF-13135,David Flashing
AS-240,Alan Shonely
PG-8820,Patrick Gardner
JS-6030,Joy Smith
SS-20590,Sonia Sunley
CS-2490,Cindy Schnelling
CM-2715,Craig Molinari
BM-1140,Becky Martin
RD-19720,Roger Demir
LD-17005,Lisa DeCherney
EB-3705,Ed Braxton
RH-19555,Ritsa Hightower
JP-6135,Julie Prescott
PB-9210,Phillip Breyer
LC-16960,Lindsay Castell
JC-15385,Jenna Caffey
IL-15100,Ivan Liston
SW-10245,Scot Wooten
CP-2340,Christine Phan
NS-18640,Noel Staavos
TR-21325,Toby Ritter
NF-8385,Natalie Fritzler
TZ-21580,Tracy Zic
TB-11055,Ted Butterfield
AJ-10795,Anthony Johnson
GH-14485,Gene Hale
AG-10300,Aleksandra Gannaway
EH-3945,Eric Hoffmann
JD-6150,Justin Deggeller
KH-16360,Katherine Hughes
JB-6045,Julia Barnett
AH-585,Angele Hood
MS-7530,MaryBeth Skach
HA-14905,Helen Abelman
JG-15310,Jason Gross
CD-1920,Carlos Daly
TC-21535,Tracy Collins
PB-9105,Peter Bühler
AR-10405,Allen Rosenblatt
NK-18490,Neil Knudson
MG-7695,Maureen Gnade
AJ-10945,Ashley Jarboe
RS-19420,Ricardo Sperren
SC-20770,Stewart Carmichael
LM-17065,Liz MacKendrick
DP-13000,Darren Powers
RD-9660,Robert Dilbeck
LB-16735,Larry Blacks
MZ-17515,Mary Zewe
ER-3855,Elpida Rittenbach
MS-17710,Maurice Satty
LC-6960,Lindsay Castell
GZ-14545,George Zrebassa
JK-5625,Jim Karlsson
JJ-15760,Joel Jenkins
CA-2265,Christina Anderson
CC-2220,Chris Cortes
KL-6555,Kelly Lampkin
CS-2175,Charles Sheldon
KL-16555,Kelly Lampkin
RD-9810,Ross DeVincentis
AJ-945,Ashley Jarboe
CC-2685,Craig Carroll
LO-17170,Lori Olson
DE-13255,Deanra Eno
RF-9345,Randy Ferguson
SC-20020,Sam Craven
DW-13585,Dorothy Wardle
EM-4065,Erin Mull
TD-20995,Tamara Dahlen
BD-11320,Bill Donatelli
CW-11905,Carl Weiss
CK-2325,Christine Kargatis
BP-11095,Bart Pistole
DV-3465,Dianna Vittorini
MY-7380,Maribeth Yedwab
PB-9150,Philip Brown
AG-10390,Allen Goldenen
KW-16570,Kelly Williams
JF-5190,Jamie Frazer
GB-14575,Giulietta Baptist
MR-7545,Mathew Reese
MO-17950,Michael Oakman
TA-11385,Tom Ashbrook
JM-5655,Jim Mitchum
JS-5880,John Stevenson
HP-14815,Harold Pawlan
CS-12400,Christopher Schild
DE-3255,Deanra Eno
JD-6015,Joy Daniels
CR-2730,Craig Reiter
RC-9960,Ryan Crowe
AO-10810,Anthony O'Donnell
TB-11250,Tim Brockman
RA-9285,Ralph Arnett
MG-8205,Mitch Gastineau
MY-8295,Muhammed Yedwab
SR-20425,Sharelle Roach
BT-1530,Bradley Talbott
LS-7245,Lynn Smith
AB-10255,Alejandro Ballentine
TH-21115,Thea Hudgings
LC-6885,Lena Creighton
AC-660,Anna Chung
EM-14095,Eudokia Martin
BO-11350,Bill Overfelt
DM-3015,Darrin Martin
DD-13570,Dorothy Dickinson
KN-16705,Kristina Nunn
HM-14980,Henry MacAllister
FM-4215,Filia McAdams
JO-15145,Jack O'Briant
TC-11535,Tracy Collins
JK-15205,Jamie Kunitz
DA-3450,Dianna Arnett
DB-12910,Daniel Byrd
EH-4005,Erica Hernandez
DN-13690,Duane Noonan
AS-10135,Adrian Shami
MC-18130,Mike Caudle
MM-18280,Muhammed MacIntyre
RL-9615,Rob Lucas
MA-7560,Matt Abelman
HG-4845,Harry Greene
PB-8805,Patrick Bzostek
RW-19630,Rob Williams
BT-11440,Bobby Trafton
JC-5385,Jenna Caffey
HR-4770,Hallie Redmond
DB-3615,Doug Bickford
JK-6120,Julie Kriz
SW-20455,Shaun Weien
GH-4425,Gary Hwang
GB-4575,Giulietta Baptist
PA-19060,Pete Armstrong
CA-2775,Cynthia Arntzen
CV-12295,Christina VanderZanden
PO-9180,Philisse Overcash
NC-18535,Nick Crebassa
GZ-4470,Gary Zandusky
AM-360,Alice McCarthy
AA-480,Andrew Allen
TB-21595,Troy Blackwell
KH-16630,Ken Heidel
TS-21655,Trudy Schmidt
CD-11980,Carol Darley
DB-13360,Dennis Bolton
SK-9990,Sally Knutson
PT-19090,Pete Takahito
EH-13990,Erica Hackney
ME-17725,Max Engle
ZD-21925,Zuschuss Donatelli
MW-8235,Mitch Willingham
BP-11050,Barry Pond
RC-19960,Ryan Crowe
PN-8775,Parhena Norris
CB-12535,Claudia Bergmann
LR-7035,Lisa Ryan
JG-5160,James Galang
SC-10845,Sung Chung
DK-13225,Dean Katz
CG-2520,Claire Gute
RS-19870,Roy Skaria
DK-2835,Damala Kotsonis
CM-2385,Christopher Martinez
JE-5745,Joel Eaton
CA-1965,Carol Adams
Dl-3600,Dorris liebe
DL-2865,Dan Lawera
CM-2445,Chuck Magee
DB-13270,Deborah Brumfield
EB-4110,Eugene Barchas
BD-11620,Brian DeCherney
MN-7935,Michael Nguyen
DB-2910,Daniel Byrd
LH-7155,Logan Haushalter
JS-5940,Joni Sundaresam
GH-4410,Gary Hansen
SC-10380,Shahid Collister
SL-10155,Sara Luxemburg
EK-3795,Eileen Kiefer
PH-8790,Patricia Hirasaki
HD-4785,Harold Dahlen
CM-2190,Charlotte Melton
AR-570,Anemone Ratner
BT-1305,Beth Thompson
MH-7785,Maya Herman
SC-10260,Scott Cohen
LW-7125,Liz Willingham
SM-10905,Susan MacKendrick
TT-21265,Tim Taslimi
EJ-3720,Ed Jacobs
RS-9765,Roland Schwarz
EM-4095,Eudokia Martin
AJ-10960,Astrea Jones
BD-1770,Bryan Davis
BE-1410,Bobby Elias
KC-6255,Karen Carlisle
DV-3045,Darrin Van Huff
JD-5895,Jonathan Doherty
JM-5865,John Murray
JK-5205,Jamie Kunitz
CL-2700,Craig Leslie
GG-4650,Greg Guthrie
LS-6945,Linda Southworth
JL-5850,John Lucas
VP-11760,Victoria Pisteka
NF-8595,Nicole Fjeld
LE-16810,Laurel Elliston
JJ-5445,Jennifer Jackson
CS-2130,Chad Sievert
BM-1575,Brendan Murry
AC-615,Ann Chong
HG-5025,Hunter Glantz
TB-11400,Tom Boeckenhauer
RB-9330,Randy Bradley
JP-5460,Jennifer Patt
JL-5175,James Lanier
AA-315,Alex Avila
TS-11370,Todd Sumrall
SS-10140,Saphhira Shifley
DP-3000,Darren Powers
JS-5685,Jim Sink
PW-19240,Pierre Wener
NW-8400,Natalie Webber
TS-11340,Toby Swindell
JH-5985,Joseph Holt
NG-8355,Nat Gilpin
FP-14320,Frank Preis
SH-20395,Shahid Hopkins
JP-16135,Julie Prescott
JM-5250,Janet Martin
MA-7995,Michelle Arnett
DR-2940,Daniel Raglin
BF-1020,Barry Französisch
CS-2400,Christopher Schild
JM-15535,Jessica Myrick
JS-15940,Joni Sundaresam
AF-870,Art Ferguson
NP-8670,Nora Paige
SU-10665,Stephanie Ulpright
RD-9585,Rob Dowd
TP-21565,Tracy Poddar
LA-6780,Laura Armstrong
LH-7020,Lisa Hazard
JE-5475,Jeremy Ellison
ES-4080,Erin Smith
EM-4140,Eugene Moren
DS-13030,Darrin Sayre
ZD-11925,Zuschuss Donatelli
JO-5550,Jesus Ocampo
TB-11595,Troy Blackwell
GM-4500,Gene McClure
DD-3570,Dorothy Dickinson
FH-4365,Fred Hopkins
MK-18160,Mike Kennedy
NM-8445,Nathan Mautz
JF-5355,Jay Fein
BF-975,Barbara Fisher
SS-20875,Sung Shariari
PF-9165,Philip Fox
SV-10365,Seth Vernon
BB-10990,Barry Blumstein
PW-9240,Pierre Wener
JF-15490,Jeremy Farry
CW-1905,Carl Weiss
LC-7140,Logan Currie
HK-4890,Heather Kirkland
BT-1440,Bobby Trafton
RD-19810,Ross DeVincentis
KL-6645,Ken Lonsdale
VG-11805,Vivek Grady
PF-9225,Phillip Flathmann
AB-15,Aaron Bergman
LW-6990,Lindsay Williams
PS-8970,Paul Stevenson
LW-17125,Liz Willingham
MC-7590,Matt Collister
JO-15550,Jesus Ocampo
SJ-10125,Sanjit Jacobs
SS-20515,Shirley Schmidt
RB-19645,Robert Barroso
BP-1050,Barry Pond
PG-8895,Paul Gonzalez
RM-19750,Roland Murray
KM-6225,Kalyca Meade
AH-120,Adrian Hane
BM-1785,Bryan Mills
NR-8550,Nick Radford
EB-14170,Evan Bailliet
PB-19150,Philip Brown
TP-11130,Theone Pippenger
KN-6450,Kean Nguyen
RD-9720,Roger Demir
RS-9870,Roy Skaria
EB-3840,Ellis Ballard
TC-21475,Tony Chapman
BH-1710,Brosina Hoffman
MH-7620,Matt Hagelstein
PT-9090,Pete Takahito
DC-2850,Dan Campbell
AG-900,Arthur Gainer
DC-12850,Dan Campbell
JF-5565,Jill Fjeld
SR-10740,Steven Roelle
MK-7905,Michael Kennedy
JK-5370,Jay Kimmel
GM-4680,Greg Matthias
PC-9000,Pauline Chand
DL-3315,Delfina Latchford
JL-5235,Janet Lee
BB-990,Barry Blumstein
RP-9390,Resi Pölking
ES-4020,Erica Smith
MH-7455,Mark Hamilton
JD-5790,John Dryer
DB-3270,Deborah Brumfield
PK-9075,Pete Kriz
NM-8520,Neoma Murray
MO-7500,Mary O'Rourke
SG-10890,Susan Gilcrest
MF-8250,Monica Federle
JG-5310,Jason Gross
YS-11880,Yana Sorensen
FC-4245,Frank Carlisle
BW-1110,Bart Watters
BS-1590,Brendan Sweed
CS-2460,Chuck Sachs
MH-7290,Marc Harrigan
KE-6420,Katrina Edelman
AJ-780,Anthony Jacobs
MM-7920,Michael Moore
ML-8265,Muhammed Lee
RR-9315,Ralph Ritter
JF-5490,Jeremy Farry
AG-765,Anthony Garverick
DS-3030,Darrin Sayre
AH-75,Adam Hart
NB-18580,Nicole Brennan
KD-6270,Karen Daniels
MJ-7740,Max Jones
DM-3525,Don Miller
GH-4665,Greg Hansen
RM-9675,Robert Marley
TS-11610,Troy Staebel
PR-8880,Patrick Ryan
HP-4815,Harold Pawlan
EC-4050,Erin Creighton
BF-1005,Barry Franz
SC-10050,Sample Company A
DM-3345,Denise Monton
CD-2280,Christina DeMoss
BP-1095,Bart Pistole
TC-11475,Tony Chapman
DW-3540,Don Weiss
BE-1455,Brad Eason
AH-195,Alan Haines
DO-3645,Doug O'Connell
CA-2055,Cathy Armstrong
LP-7080,Liz Pelletier
BN-1515,Bradley Nguyen
NK-8490,Neil Knudson
AR-510,Andrew Roberts
VM-11835,Vivian Mathis
TH-11115,Thea Hudgings
AB-165,Alan Barnes
LB-6735,Larry Blacks
GA-4515,George Ashbrook
DJ-3630,Doug Jacobs
LT-6765,Larry Tron
SG-10080,Sandra Glassco
TB-11175,Thomas Boland
AP-915,Arthur Prichep
ON-8715,Odella Nelson
SB-10290,Sean Braxton
AJ-795,Anthony Johnson
TP-11565,Tracy Poddar
ML-8040,Michelle Lonsdale
LC-6870,Lena Cacioppo
AB-105,Adrian Barton
AW-840,Anthony Witt
JO-5280,Jas O'Carroll
ME-7320,Maria Etezadi
SW-10455,Shaun Weien
LP-7095,Liz Preis
DW-3195,David Wiener
SC-10770,Stewart Carmichael
HE-4800,Harold Engle
DL-3495,Dionis Lloyd
EJ-4155,Eva Jacobs
JH-6180,Justin Hirsh
DK-3150,David Kendrick
XP-11865,Xylona Preis
KT-6480,Kean Thornton
MB-8085,Mick Brown
AR-345,Alex Russell
BD-1320,Bill Donatelli
DP-3165,David Philippe
KD-6495,Keith Dawkins
CK-2595,Clytie Kelty
SB-10170,Sarah Bern
JJ-5760,Joel Jenkins
GH-4485,Gene Hale
DB-3555,Dorothy Badders
LB-6795,Laurel Beltran
KT-6465,Kean Takahito
GA-4725,Guy Armstrong
DK-3090,Dave Kipp
SS-10590,Sonia Sunley
SD-10485,Shirley Daniels
TS-21085,Thais Sissman
RA-9945,Ryan Akin
JO-5145,Jack O'Briant
LW-7215,Luke Weiss
RB-9645,Robert Barroso
MV-7485,Mark Van Huff
BW-1200,Ben Wallace
CC-2610,Corey Catlett
BD-1560,Brendan Dodson
CS-2505,Cindy Stewart
VT-11700,Valerie Takahito
MC-7845,Michael Chen
KH-6690,Kristen Hastings
VS-11820,Vivek Sundaresam
NF-8475,Neil Französisch
TB-11190,Thomas Brumley
TS-11205,Thomas Seio
TD-10995,Tamara Dahlen
EB-3750,Edward Becker
AH-690,Anna Häberlin
TB-11280,Toby Braunhardt
AM-705,Anne McFarland
BD-1620,Brian DeCherney
KF-6285,Karen Ferguson
BE-1335,Bill Eplett
HA-4905,Helen Abelman
ND-8370,Natalie DeCherney
AA-645,Anna Andreadi
CC-2430,Chuck Clark
PL-8925,Paul Lucas
SO-10335,Sean O'Donnell
AY-555,Andy Yotov
JB-6000,Joy Bell-
SN-10560,Skye Norling
AH-465,Amy Hunt
HW-4935,Helen Wasserman
MC-7425,Mark Cousins
BT-1680,Brian Thompson
MG-7650,Matthew Grinstein
CB-2415,Christy Brittain
CK-2760,Cyma Kinney
AG-330,Alex Grayson
MK-8160,Mike Kennedy
NC-8625,Noah Childs
MO-7950,Michael Oakman
HF-4995,Herbert Flentye
SJ-10215,Sarah Jordon
AO-810,Anthony O'Donnell
RM-9375,Raymond Messe
MM-8055,Michelle Moray
DN-3690,Duane Noonan
EB-3930,Eric Barreto
NH-8610,Nicole Hansen
EL-3735,Ed Ludwig
PS-8760,Pamela Stobb
ST-10530,Shui Tom
RH-9510,Rick Huthwaite
BD-1605,Brian Dahlen
SC-10440,Shaun Chance
CG-2040,Catherine Glotzbach
TG-11310,Toby Gnade
FO-4305,Frank Olsen
CS-1950,Carlos Soltero
LE-6810,Laurel Elliston
DR-2880,Dan Reichenbach
JR-5700,Jocasta Rupert
MS-7710,Maurice Satty
PM-8940,Paul MacIntyre
AZ-750,Annie Zypern
AA-375,Allen Armold
FM-4290,Frank Merwin
CR-2820,Cyra Reiten
VB-11745,Victoria Brennan
RH-19600,Rob Haberlin
KH-6330,Katharine Harms
ME-7725,Max Engle
FA-4230,Frank Atkinson
GM-4455,Gary Mitchum
KH-6510,Keith Herrera
CD-2790,Cynthia Delaney
NB-8580,Nicole Brennan
CS-2250,Chris Selesnick
SP-10920,Susan Pistek
TH-11100,Thea Hendricks
DC-3285,Debra Catini
CM-2655,Corinna Mitchell
RF-9735,Roland Fjeld
LH-6750,Larry Hughes
JM-5265,Janet Molinari
CS-1845,Cari Sayre
CS-1860,Cari Schnelling
BT-1485,Brad Thomas
KB-6240,Karen Bern
KB-6600,Ken Brennan
LS-7230,Lycoris Saunders
MS-7365,Maribeth Schnelling
BG-1740,Bruce Geld
HJ-4875,Heather Jas
LR-6915,Lena Radford
JW-6075,Julia West
DJ-3420,Denny Joy
SP-10650,Stephanie Phelps
VM-21835,Vivian Mathis
CM-1815,Candace McMahon
MH-8025,Michelle Huthwaite
RD-9480,Rick Duston
PW-9030,Pauline Webber
EB-4170,Evan Bailliet
SM-10950,Suzanne McNair
NP-8325,Naresj Patel
MP-8175,Mike Pelletier
CM-2160,Charles McCrossin
NP-8700,Nora Preis
BP-1185,Ben Peterman
SW-10755,Steven Ward
AC-450,Amy Cox
SE-10110,Sanjit Engle
BS-1365,Bill Shonely
RM-9750,Roland Murray
BT-1395,Bill Tyler
BP-1155,Becky Pak
GT-4635,Grant Thornton
CM-1935,Carlos Meador
RE-9405,Ricardo Emerson
KS-6300,Karen Seio
TS-11160,Theresa Swint
ML-7395,Marina Lichtenstein
BF-1170,Ben Ferrer
NS-8640,Noel Staavos
RB-9570,Rob Beeghly
FM-4380,Fred McMath
AG-300,Aleksandra Gannaway
SW-10350,Sean Wendt
JR-6210,Justin Ritter
MD-7350,Maribeth Dona
ML-7755,Max Ludwig
HA-4920,Helen Andreada
AS-45,Aaron Smayling
BF-1215,Benjamin Farhat
LH-6900,Lena Hernandez
DP-3390,Dennis Pardue
DH-3075,Dave Hallsten
HM-4860,Harry Marie
SB-10185,Sarah Brown
RF-9840,Roy Französisch
SV-10935,Susan Vittorini
CS-2355,Christine Sundaresam
GM-4695,Greg Maxwell
AT-435,Alyssa Tate
MC-8130,Mike Caudle
FP-4320,Frank Preis
DK-3225,Dean Katz
VG-11790,Vivek Gonzalez
LF-7185,Luke Foster
NC-8535,Nick Crebassa
DB-3405,Denny Blanton
MH-8115,Mick Hernandez
SA-10830,Sue Ann Reed
JK-5640,Jim Kriz
VF-11715,Vicky Freymann
VW-11775,Victoria Wilson
SN-10710,Steve Nguyen
MS-7980,Michael Stewart
AD-180,Alan Dominguez
MC-8100,Mick Crebagga
JB-5925,Joni Blumstein
JC-5340,Jasper Cacioppo
MF-7665,Maureen Fritzler
RP-9270,Rachel Payne
PF-9120,Peter Fuller
DK-2895,Dana Kaydos
RW-9630,Rob Williams
TM-11490,Tony Molinari
Co-2640,Corey-Lock
EM-3810,Eleni McCrary
JK-6090,Juliana Krohn
JH-5430,Jennifer Halladay
AR-405,Allen Rosenblatt
TZ-11580,Tracy Zic
BG-1035,Barry Gonzalez
PS-9045,Penelope Sewall
MS-7770,Maxwell Schwartz
SS-10875,Sung Shariari
DB-2970,Darren Budd
SS-10515,Shirley Schmidt
AW-930,Arthur Wiediger
PK-8910,Paul Knutson
GM-4440,Gary McGarr
CY-2745,Craig Yedwab
RW-9690,Robert Waldorf
CC-2100,Chad Cunningham
KD-6345,Katherine Ducich
KN-6390,Katherine Nockton
GT-4710,Greg Tran
TS-11085,Thais Sissman
RR-9525,Rick Reed
MT-7815,Meg Tillman
JA-5970,Joseph Airdo
CB-2535,Claudia Bergmann
AP-720,Anne Pryor
SP-10860,Sung Pak
IL-5100,Ivan Liston
VD-11670,Valerie Dominguez
EH-3765,Edward Hooks
BS-1755,Bruce Stewart
HL-5040,Hunter Lopez
CA-2310,Christine Abelman
AC-420,Alyssa Crouse
CC-2145,Charles Crestani
KB-6585,Ken Black
JG-5115,Jack Garza
GK-4620,Grace Kelly
FW-4395,Fred Wasserman
VM-11685,Valerie Mitchum
RB-9360,Raymond Buch
AG-495,Andrew Gjertsen
IM-5070,Irene Maddox
MC-7635,Matthew Clasen
SH-10635,Stefanie Holloman
KC-6540,Kelly Collister
QJ-9255,Quincy Jones
JK-5325,Jason Klamczynski
AI-855,Arianne Irving
SC-10095,Sanjit Chand
CT-1995,Carol Triggs
PJ-8835,Patrick Jones
JM-6195,Justin MacKendrick
CV-2295,Christina VanderZanden
DB-3120,David Bremer
NL-8310,Nancy Lomonaco
BB-1545,Brenda Bowman
BV-1245,Benjamin Venier
BS-1380,Bill Stewart
KA-6525,Kelly Andreada
RB-9795,Ross Baird
EP-3915,Emily Phan
JS-5595,Jill Stevenson
JE-5610,Jim Epp
CJ-1875,Carl Jackson
TH-11550,Tracy Hopkins
HR-4830,Harold Ryan
KC-6675,Kimberly Carter
LS-7200,Luke Schmidt
DL-2925,Daniel Lacy
WB-11850,William Brown
SJ-10500,Shirley Jackson
DF-3135,David Flashing
SZ-10035,Sam Zeldin
CK-2205,Chloris Kastensmidt
TM-11010,Tamara Manning
FC-4335,Fred Chung
GB-4530,George Bell
BF-1275,Beth Fritzler
NB-8655,Nona Balk
EH-3990,Erica Hackney
SP-10545,Sibella Parks
Dp-3240,Dean percer
LW-6825,Laurel Workman
EN-3780,Edward Nazzal
TZ-11445,Tom Zandusky
KD-6615,Ken Dana
LD-7005,Lisa DeCherney
CL-1890,Carl Ludwig
HG-4965,Henry Goldwyn
BO-1350,Bill Overfelt
YC-11895,Yoseph Carroll
JM-5535,Jessica Myrick
RA-9885,Ruben Ausman
KM-6660,Khloe Miller
DW-3585,Dorothy Wardle
TS-11655,Trudy Schmidt
RK-9300,Ralph Kennedy
SC-10020,Sam Craven
AG-390,Allen Goldenen
AT-735,Annie Thurman
JW-5955,Joni Wasserman
AF-885,Art Foster
KB-6405,Katrina Bavinger
BP-1290,Beth Paige
OT-8730,Olvera Toch
LS-6975,Lindsay Shagiari
GD-4590,Giulietta Dortch
MP-7965,Michael Paige
DS-3180,David Smith
ED-3885,Emily Ducich
NZ-8565,Nick Zandusky
JG-5805,John Grady
EB-3870,Emily Burns
BG-1695,Brooke Gillingham
SR-10425,Sharelle Roach
AS-90,Adam Shillingsburg
SP-10620,Stefania Perrino
SH-10395,Shahid Hopkins
AR-540,Andy Reiter
CM-2235,Chris McAfee
AS-225,Alan Schoenberger
RA-9915,Russell Applegate
RS-9420,Ricardo Sperren
TN-11040,Tanja Norvell
VP-11730,Victor Preis
KW-6435,Katrina Willman
PP-8955,Paul Prost
SC-10575,Sonia Cooley
ML-7410,Maris LaWare
CJ-2010,Caroline Jumper
FG-4260,Frank Gastineau
TW-11025,Tamara Willingham
DB-3210,Dean Braden
EA-4035,Erin Ashbrook
EM-3825,Elizabeth Moffitt
TB-11355,Todd Boyes
ME-8010,Michelle Ellison
JE-5715,Joe Elijah
MC-7605,Matt Connell
FH-4350,Fred Harton
BC-1125,Becky Castell
MG-7875,Michael Grace
FH-4275,Frank Hawley
DK-2985,Darren Koutras
BK-1260,Berenike Kampe
MP-7470,Mark Packer
SC-10800,Stuart Calhoun
BD-1500,Bradley Drucker
RC-9825,Roy Collins
MG-7890,Michael Granlund
ZC-11910,Zuschuss Carroll
